Ethnicity,Wheat consumption history,CD Prevalence,rs3184504 (T),rs2327832 (G),rs13151961 (A)
European,1,0.67,0.2872340425531915,0.1276595744680851,0.9095744680851063
Mediterranean,1,1.09,0.4606918238993711,0.15566037735849056,0.8805031446540881
Native American,4,0,0.09411764705882353,0.058823529411764705,0.9705882352941176
Northeast Asian,3,0.03,0.002976190476190476,0.003968253968253968,0.9990079365079365
Northern European,2,1.29,0.4342560553633218,0.16608996539792387,0.8321799307958477
Southeast Asian,3,0.64,0.03723404255319149,0.1196808510638298,0.9122340425531915
Southwest Asian,2,0.76,0.08803986710963455,0.10465116279069768,0.8820598006644518
Sub-Saharan African,4,0,0.01327433628318584,0.09292035398230089,0.9867256637168141
