SNP,coefficient,R-squared,Adj R-squared,p-value
rs2395182,-1.8300777596531095,0.02774136828439322,-0.13430173700154135,0.6934324659183204
rs2187668,0.2561653651868865,0.0005512892758304799,-0.16602349584486453,0.9559920207997201
rs4639334,-0.9474311302970109,0.010588118794435664,-0.15431386140649184,0.808422705264344
