SNP,coefficient,R-squared,Adj R-squared,p-value
rs2395182,-0.006700922686999927,0.03270817885262178,-0.12850712467194136,0.6682204020582861
rs2187668,-0.0008216747919906134,0.00048488320875483826,-0.16610096958978615,0.9587257249251675
rs4639334,-0.0020834565029267593,0.0022203493541390618,-0.16407625908683787,0.9117795997207248
